{"proportions": 0.8333333333333333, "muscle": 0.8333333333333333, "xyz": 0.8333333333333333, "weight": 0.8333333333333333, "height": 0.8333333333333333}