{"proportions": 0.7777777777777778, "muscle": 0.7777777777777778, "xyz": 0.7777777777777778, "weight": 0.7777777777777778, "height": 0.7777777777777778}