{"proportions": 0.9444444444444444, "muscle": 0.9444444444444444, "weight": 0.9444444444444444, "height": 0.9444444444444444}