{"proportions": 0.6111111111111112, "muscle": 0.6111111111111112, "xyz": 0.6111111111111112, "weight": 0.6111111111111112, "height": 0.7666666666666666}