{"proportions": 0.8888888888888888, "muscle": 0.8888888888888888, "weight": 0.8888888888888888, "height": 0.8888888888888888}