{"proportions": 0.5555555555555556, "muscle": 0.5555555555555556, "weight": 0.5555555555555556, "height": 0.5555555555555556}