{"proportions": 0.7222222222222222, "muscle": 0.7222222222222222, "xyz": 0.7222222222222222, "weight": 0.7222222222222222, "height": 0.8333333333333333}