{"proportions": 0.6666666666666666, "muscle": 0.6666666666666666, "xyz": 0.6666666666666666, "weight": 0.6666666666666666, "height": 0.7999999999999999}