{"proportions": 0.6111111111111112, "muscle": 0.6111111111111112, "weight": 0.6111111111111112, "height": 0.6111111111111112}